 ['DSCF2159.JPG', -23.667416666666668, -65.58473611111111, 'images/plants/DSCF2159.JPG', '[Genus: Ceiba<br />Family: Malvaceae<br />Name accepted: Legitimate;<br/>determination uncertain<br/>]', '2016:09:04'], 
 ['DSCF2825.JPG', -26.16528333333333, -70.63020555555555, 'images/plants/DSCF2825.JPG', '[Genus: Junellia<br />Family: Verbenaceae<br />Name accepted: nom. cons.;<br/>determination uncertain<br/>]', '2016:11:23'], 
 ['DSCF2826.JPG', -24.665602777777778, -65.38269166666664, 'images/plants/DSCF2826.JPG', '[Genus: Junellia<br />Family: Verbenaceae<br />Name accepted: nom. cons.;<br/>determination uncertain<br/>]', '2016:11:23'], 
 ['DSCF2828.JPG', -36.02390833333333, -59.09246666666667, 'images/plants/DSCF2828.JPG', ['no info yet'], '2016:11:23'], 
 ['DSCF2831.JPG', -22.608397222222223, -69.08535555555554, 'images/plants/DSCF2831.JPG', '[Species name: Junellia tridens (Lag.) Moldenke<br />Genus: Junellia<br />Family: Verbenaceae<br />Name accepted: No opinion;<br/>]', '2016:11:23'], 
 ['DSCF2834.JPG', -22.607997222222224, -69.08495555555552, 'images/plants/DSCF2834.JPG', '[Species name: Junellia tridens (Lag.) Moldenke<br />Genus: Junellia<br />Family: Verbenaceae<br />Name accepted: No opinion;<br/>]', '2016:11:23'], 
 ['DSCF2849.JPG', -51.621909, -69.259649, 'images/plants/DSCF2849.JPG', '[Genus: Cerastium<br />Family: Caryophyllaceae<br />Name accepted: No opinion;<br/>]', '2016:11:23'], 
 ['DSCF2851.JPG', -51.621709, -69.25944899999999, 'images/plants/DSCF2851.JPG', '[Genus: Erodium<br />Family: Geraniaceae<br />Name accepted: Legitimate;<br/>determination uncertain<br/>]', '2016:11:23'], 
 ['DSCF2861.JPG', -23.670369444444447, -65.59027777777777, 'images/plants/DSCF2861.JPG', '[Species name: Armeria maritima (Mill.) Willd.<br />Genus: Armeria<br />Family: Plumbaginaceae<br />Name accepted: No opinion;<br/>]', '2016:11:23'], 
 ['DSCF2871.JPG', -52.25699, -69.44197700000001, 'images/plants/DSCF2871.JPG', '[Genus: Calceolaria<br />Family: Calceolariaceae<br />Name accepted: Legitimate;<br/>]', '2016:11:23'], 
 ['DSCF3160.JPG', -54.740372, -67.83277, 'images/plants/DSCF3160.JPG', '[Genus: Senecio<br />Family: Asteraceae<br />Name accepted: Legitimate;<br/>determination uncertain<br/>]', '2016:12:25'], 
 ['DSCF3518.JPG', -44.656047, -72.41640100015628, 'images/plants/DSCF3518.JPG', '[Species name: Gunnera chilensis Lam.<br />Genus: Gunnera<br />Family: Gunneraceae<br />Name accepted: Legitimate;<br/>]', '2017:01:25'], 
 ['P1020434.JPG', -33.73542397752982, -58.85639460994647, 'images/plants/P1020434.JPG', '[Species name: Senecio inaequidens DC.<br />Genus: Senecio<br />Family: Asteraceae<br />Name accepted: No opinion;<br/>]', '2016:09:08'], 
 ['P1020457.JPG', -33.244219226321874, -58.040996185108504, 'images/plants/P1020457.JPG', '[Genus: Heliotropium<br />Family: Boraginaceae<br />Name accepted: No opinion;<br/>]', '2016:09:13'], 
 ['P1020459.JPG', -33.24424618933013, -58.04093341213554, 'images/plants/P1020459.JPG', '[Species name: Verbascum virgatum Stokes<br />Genus: Verbascum<br />Family: Scrophulariaceae<br />Name accepted: No opinion;<br/>determination uncertain<br/>]', '2016:09:13'], 
 ['P1020461.JPG', -33.24416970737641, -58.04081042329986, 'images/plants/P1020461.JPG', ['no info yet'], '2016:09:13'], 
 ['P1020479.JPG', -34.46975417989418, -57.845068207654414, 'images/plants/P1020479.JPG', ['no info yet'], '2016:09:24'], 
 ['P1020481.JPG', -34.46975244321858, -57.845071029776676, 'images/plants/P1020481.JPG', ['no info yet'], '2016:09:24'], 
 ['P1020489.JPG', -36.02391251032631, -59.09191804979253, 'images/plants/P1020489.JPG', '[Species name: Tamarix gallica L.<br />Genus: Tamarix<br />Family: Tamaricaceae<br />Name accepted: No opinion;<br/>determination uncertain<br/>]', '2016:10:05'], 
 ['P1020503.JPG', -36.0135, -59.09236666666667, 'images/plants/P1020503.JPG', ['no info yet'], '2016:10:05'], 
 ['P1020509.JPG', -36.02370833333333, -59.09226666666667, 'images/plants/P1020509.JPG', '[Genus: Carpobrotus<br />Family: Aizoaceae<br />Name accepted: No opinion;<br/>]', '2016:10:05'], 
 ['P1020512.JPG', -36.02386944444444, -59.09249166666667, 'images/plants/P1020512.JPG', '[Genus: Nothoscordum<br />Family: Amaryllidaceae<br />Name accepted: Legitimate;<br/>]', '2016:10:05'], 
 ['P1020524.JPG', -36.66826749062017, -59.06409569569569, 'images/plants/P1020524.JPG', ['no info yet'], '2016:10:06'], 
 ['P1020542.JPG', -37.37606666666667, -59.122502777777775, 'images/plants/P1020542.JPG', '[Genus: Glandularia<br />Family: Verbenaceae<br />Name accepted: No opinion;<br/>]', '2016:10:08'], 
 ['P1020543.JPG', -37.37898611111111, -59.11974166666667, 'images/plants/P1020543.JPG', ['no info yet'], '2016:10:08'], 
 ['P1020561.JPG', -38.2034987450019, -60.236110485015445, 'images/plants/P1020561.JPG', ['no info yet'], '2016:10:11'], 
 ['P1020572.JPG', -38.21630453856585, -60.23844228169776, 'images/plants/P1020572.JPG', '[Genus: Glandularia<br />Family: Verbenaceae<br />Name accepted: No opinion;<br/>]', '2016:10:11'], 
 ['P1020596.JPG', -38.06724722222223, -61.97515277777778, 'images/plants/P1020596.JPG', ['no info yet'], '2016:10:17'], 
 ['P1020597.JPG', -38.06744722222223, -61.97535277777778, 'images/plants/P1020597.JPG', ['no info yet'], '2016:10:17'], 
 ['P1020598.JPG', -38.06741111111111, -61.97527777777778, 'images/plants/P1020598.JPG', '[Genus: Glandularia<br />Family: Verbenaceae<br />Name accepted: No opinion;<br/>]', '2016:10:17'], 
 ['P1020602.JPG', -38.067858333333334, -61.97555, 'images/plants/P1020602.JPG', '[Species name: Discaria americana Gillies & Hook.<br />Genus: Discaria<br />Family: Rhamnaceae<br />Name accepted: No opinion;<br/>determination uncertain<br/>]', '2016:10:17'], 
 ['P1020603.JPG', -38.067658333333334, -61.97535, 'images/plants/P1020603.JPG', '[Genus: Glandularia<br />Family: Verbenaceae<br />Name accepted: No opinion;<br/>]', '2016:10:17'], 
 ['P1020608.JPG', -38.067375000000006, -61.97531111111111, 'images/plants/P1020608.JPG', '[Genus: Cerastium<br />Family: Caryophyllaceae<br />Name accepted: No opinion;<br/>]', '2016:10:17'], 
 ['P1020628.JPG', -40.328202887256, -62.765195, 'images/plants/P1020628.JPG', ['no info yet'], '2016:10:25'], 
 ['P1020633.JPG', -40.43098144118002, -62.78878530755975, 'images/plants/P1020633.JPG', ['no info yet'], '2016:10:25'], 
 ['P1020643.JPG', -40.43102968505477, -62.78881765945872, 'images/plants/P1020643.JPG', ['no info yet'], '2016:10:25'], 
 ['P1020644.JPG', -40.43103028946583, -62.78881806469357, 'images/plants/P1020644.JPG', ['no info yet'], '2016:10:25'], 
 ['P1020653.JPG', -40.498294088602854, -62.81068466873248, 'images/plants/P1020653.JPG', ['no info yet'], '2016:10:25'], 
 ['P1020656.JPG', -40.72985962566845, -62.88794466150821, 'images/plants/P1020656.JPG', '[Species name: Turnera sidoides L.<br />Genus: Turnera<br />Family: Passifloraceae<br />Name accepted: No opinion;<br/>]', '2016:10:25'], 
 ['P1020717.JPG', -40.96810582358217, -64.13858101616368, 'images/plants/P1020717.JPG', '[Species name: Hoffmannseggia trifoliata Cav.<br />Genus: Hoffmannseggia<br />Family: Fabaceae<br />Name accepted: Legitimate;<br/>]', '2016:10:30'], 
 ['P1020718.JPG', -40.968101135265705, -64.13858602782678, 'images/plants/P1020718.JPG', '[Species name: Hoffmannseggia trifoliata Cav.<br />Genus: Hoffmannseggia<br />Family: Fabaceae<br />Name accepted: Legitimate;<br/>]', '2016:10:30'], 
 ['P1020723.JPG', -40.90001141927752, -64.46592292066101, 'images/plants/P1020723.JPG', '[Genus: Oenothera<br />Family: Onagraceae<br />Name accepted: No opinion;<br/>]', '2016:10:30'], 
 ['P1020725.JPG', -40.900006109225366, -64.46592782230138, 'images/plants/P1020725.JPG', '[Genus: Adesmia<br />Family: Fabaceae<br />Name accepted: Legitimate;<br/>]', '2016:10:30'], 
 ['P1020727.JPG', -40.79917167812142, -65.10083953320043, 'images/plants/P1020727.JPG', ['no info yet'], '2016:11:01'], 
 ['P1020735.JPG', -40.7991559832175, -65.10085699366881, 'images/plants/P1020735.JPG', '[Species name: Thymophylla pentachaeta (DC.) Small<br />Genus: Thymophylla<br />Family: Asteraceae<br />Name accepted: No opinion;<br/>determination uncertain<br/>]', '2016:11:01'], 
 ['P1020741.JPG', -41.09614800000001, -65.38904699999998, 'images/plants/P1020741.JPG', '[Genus: Erodium<br />Family: Geraniaceae<br />Name accepted: Legitimate;<br/>determination uncertain<br/>]', '2016:11:02'], 
 ['P1020743.JPG', -41.096948000000005, -65.389847, 'images/plants/P1020743.JPG', ['no info yet'], '2016:11:02'], 
 ['P1020744.JPG', -41.096548000000006, -65.38944699999999, 'images/plants/P1020744.JPG', ['no info yet'], '2016:11:02'], 
 ['P1020745.JPG', -41.096348000000006, -65.38924699999998, 'images/plants/P1020745.JPG', '[Genus: Ephedra<br />Family: Ephedraceae<br />Name accepted: No opinion;<br/>]', '2016:11:02'], 
 ['P1020746.JPG', -41.096748000000005, -65.389647, 'images/plants/P1020746.JPG', '[Genus: Ephedra<br />Family: Ephedraceae<br />Name accepted: No opinion;<br/>]', '2016:11:02'], 
 ['P1020781.JPG', -42.644676932513356, -64.96892350560096, 'images/plants/P1020781.JPG', ['no info yet'], '2016:11:06'], 
 ['P1020786.JPG', -42.64410589678705, -64.96868423092425, 'images/plants/P1020786.JPG', '[Species name: Prosopis alpataco Phil.<br />Genus: Prosopis<br />Family: Fabaceae<br />Name accepted: Legitimate;<br/>]', '2016:11:06'], 
 ['P1020789.JPG', -42.64381556556557, -64.96880105696883, 'images/plants/P1020789.JPG', ['no info yet'], '2016:11:06'], 
 ['P1020791.JPG', -42.64377657068834, -64.96877689704003, 'images/plants/P1020791.JPG', '[Genus: Adesmia<br />Family: Fabaceae<br />Name accepted: Legitimate;<br/>]', '2016:11:06'], 
 ['P1020795.JPG', -42.64347165625283, -64.96850109120561, 'images/plants/P1020795.JPG', '[Species name: Acantholippia seriphioides (A. Gray) Moldenke<br />Genus: Acantholippia<br />Family: Verbenaceae<br />Name accepted: No opinion;<br/>]', '2016:11:06'], 
 ['P1020796.JPG', -42.64346956740442, -64.96848176245211, 'images/plants/P1020796.JPG', '[Species name: Acantholippia seriphioides (A. Gray) Moldenke<br />Genus: Acantholippia<br />Family: Verbenaceae<br />Name accepted: No opinion;<br/>]', '2016:11:06'], 
 ['P1020937.JPG', -52.277337422959505, -69.47042965373069, 'images/plants/P1020937.JPG', '[Species name: Viola maculata Cav.<br />Genus: Viola<br />Family: Violaceae<br />Name accepted: No opinion;<br/>]', '2016:11:24'], 
 ['P1020942.JPG', -52.27735524288748, -69.47044579649379, 'images/plants/P1020942.JPG', ['no info yet'], '2016:11:24'], 
 ['P1020945.JPG', -52.33674535888246, -69.48719724025975, 'images/plants/P1020945.JPG', '[Species name: Lepidophyllum cupressiforme (Lam.) Cass.<br />Genus: Lepidophyllum<br />Family: Asteraceae<br />Name accepted: No opinion;<br/>determination uncertain<br/>]', '2016:11:24'], 
 ['P1020947.JPG', -52.336750107775735, -69.48720011168463, 'images/plants/P1020947.JPG', '[Species name: Lepidophyllum cupressiforme (Lam.) Cass.<br />Genus: Lepidophyllum<br />Family: Asteraceae<br />Name accepted: No opinion;<br/>determination uncertain<br/>]', '2016:11:24'], 
 ['P1020956.JPG', -52.83446111111111, -69.41530277777778, 'images/plants/P1020956.JPG', '[Genus: Berberis<br />Family: Berberidaceae<br />Name accepted: Legitimate;<br/>]', '2016:11:25'], 
 ['P1020964.JPG', -52.83443333333334, -69.41520277777778, 'images/plants/P1020964.JPG', '[Species name: Olsynium biflorum (Thunb.) Goldblatt<br />Genus: Olsynium<br />Family: Iridaceae<br />Name accepted: No opinion;<br/>]', '2016:11:25'], 
 ['P1020966.JPG', -52.83458055555556, -69.41508055555556, 'images/plants/P1020966.JPG', '[Species name: Armeria maritima (Mill.) Willd.<br />Genus: Armeria<br />Family: Plumbaginaceae<br />Name accepted: No opinion;<br/>]', '2016:11:25'], 
 ['P1020967.JPG', -52.83439166666667, -69.41528611111112, 'images/plants/P1020967.JPG', '[Species name: Oxalis enneaphylla Cav.<br />Genus: Oxalis<br />Family: Oxalidaceae<br />Name accepted: No opinion;<br/>]', '2016:11:25'], 
 ['P1020972.JPG', -52.834472222222225, -69.41524166666667, 'images/plants/P1020972.JPG', ['no info yet'], '2016:11:25'], 
 ['P1020973.JPG', -52.83445277777778, -69.41529444444446, 'images/plants/P1020973.JPG', '[Species name: Hypochaeris incana (Hook. & Arn.) Macloskie<br />Genus: Hypochaeris<br />Family: Asteraceae<br />Name accepted: No opinion;<br/>]', '2016:11:25'], 
 ['P1020975.JPG', -52.834, -69.41518888888889, 'images/plants/P1020975.JPG', ['no info yet'], '2016:11:25'], 
 ['P1020977.JPG', -52.83404166666667, -69.41516111111112, 'images/plants/P1020977.JPG', ['no info yet'], '2016:11:25'], 
 ['P1020978.JPG', -52.83402777777778, -69.41518333333335, 'images/plants/P1020978.JPG', '[Species name: Rumex acetosella L.<br />Genus: Rumex<br />Family: Polygonaceae<br />Name accepted: No opinion;<br/>]', '2016:11:25'], 
 ['P1020984.JPG', -52.99412106524912, -69.32775401439645, 'images/plants/P1020984.JPG', '[Species name: Calceolaria uniflora Lam.<br />Genus: Calceolaria<br />Family: Calceolariaceae<br />Name accepted: Legitimate;<br/>]', '2016:11:25'], 
 ['P1030012.JPG', -54.681025, -67.81386388888887, 'images/plants/P1030012.JPG', '[Genus: Chiliotrichum<br />Family: Asteraceae<br />Name accepted: No opinion;<br/>]', '2016:11:30'], 
 ['P1030013.JPG', -54.681225, -67.81406388888888, 'images/plants/P1030013.JPG', '[Genus: Chiliotrichum<br />Family: Asteraceae<br />Name accepted: No opinion;<br/>]', '2016:11:30'], 
 ['P1030046.JPG', -54.78865555555555, -68.39715555555556, 'images/plants/P1030046.JPG', ['no info yet'], '2016:12:02'], 
 ['P1030048.JPG', -54.787702777777774, -68.39649166666668, 'images/plants/P1030048.JPG', '[Genus: Leucheria<br />Family: Asteraceae<br />Name accepted: No opinion;<br/>]', '2016:12:02'], 
 ['P1030051.JPG', -54.78800555555556, -68.39606388888889, 'images/plants/P1030051.JPG', ['no info yet'], '2016:12:02'], 
 ['P1030054.JPG', -54.79046666666667, -68.39047222222223, 'images/plants/P1030054.JPG', '[Species name: Armeria maritima (Mill.) Willd.<br />Genus: Armeria<br />Family: Plumbaginaceae<br />Name accepted: No opinion;<br/>]', '2016:12:02'], 
 ['P1030057.JPG', 54.791041666666665, 68.38986111111112, 'images/plants/P1030057.JPG', '[Genus: Nothofagus<br />Family: Nothofagaceae<br />Name accepted: Legitimate;<br/>]', '2016:12:02'], 
 ['P1030058.JPG', -54.791041666666665, -68.38986111111112, 'images/plants/P1030058.JPG', '[Genus: Nothofagus<br />Family: Nothofagaceae<br />Name accepted: Legitimate;<br/>]', '2016:12:02'], 
 ['P1030061.JPG', -54.791216666666664, -68.38955, 'images/plants/P1030061.JPG', '[Genus: Cerastium<br />Family: Caryophyllaceae<br />Name accepted: No opinion;<br/>]', '2016:12:02'], 
 ['P1030114.JPG', -54.857461111111114, -68.57188333333333, 'images/plants/P1030114.JPG', '[Species name: Ranunculus peduncularis Sm.<br />Genus: Ranunculus<br />Family: Ranunculaceae<br />Name accepted: No opinion;<br/>determination uncertain<br/>]', '2016:12:03'], 
 ['P1030117.JPG', -54.85753611111111, -68.57115555555555, 'images/plants/P1030117.JPG', ['no info yet'], '2016:12:03'], 
 ['P1030118.JPG', 54.85753611111111, 68.57115555555555, 'images/plants/P1030118.JPG', '[Genus: Pratia<br />Family: Campanulaceae<br />Name accepted: No opinion;<br/>determination uncertain<br/>]', '2016:12:03'], 
 ['P1030121.JPG', 54.857594444444445, 68.57114166666666, 'images/plants/P1030121.JPG', '[Genus: Anemone<br />Family: Ranunculaceae<br />Name accepted: nom. cons.;<br/>]', '2016:12:03'], 
 ['P1030122.JPG', -54.857594444444445, -68.57114166666666, 'images/plants/P1030122.JPG', '[Genus: Anemone<br />Family: Ranunculaceae<br />Name accepted: nom. cons.;<br/>]', '2016:12:03'], 
 ['P1030125.JPG', -54.85810277777778, -68.569925, 'images/plants/P1030125.JPG', '[Genus: Codonorchis<br />Family: Orchidaceae<br />Name accepted: No opinion;<br/>]', '2016:12:03'], 
 ['P1030132.JPG', -54.85778055555556, -68.56931666666665, 'images/plants/P1030132.JPG', '[Genus: Chloraea<br />Family: Orchidaceae<br />Name accepted: No opinion;<br/>determination uncertain<br/>]', '2016:12:03'], 
 ['P1030133.JPG', -54.85798055555556, -68.56951666666666, 'images/plants/P1030133.JPG', '[Genus: Viola<br />Family: Violaceae<br />Name accepted: No opinion;<br/>]', '2016:12:03'], 
 ['P1030149.JPG', -54.86056388888889, -68.56043333333334, 'images/plants/P1030149.JPG', ['no info yet'], '2016:12:03'], 
 ['P1030161.JPG', -54.857255555555554, -68.57174722222221, 'images/plants/P1030161.JPG', ['no info yet'], '2016:12:03'], 
 ['P1030292.JPG', -54.94766944444444, -67.64026944444446, 'images/plants/P1030292.JPG', ['no info yet'], '2016:12:05'], 
 ['P1030295.JPG', -54.947469444444444, -67.64006944444445, 'images/plants/P1030295.JPG', '[Genus: Embothrium<br />Family: Proteaceae<br />Name accepted: No opinion;<br/>]', '2016:12:05'], 
 ['P1030296.JPG', -54.947269444444444, -67.63986944444444, 'images/plants/P1030296.JPG', '[Genus: Gaultheria<br />Family: Ericaceae<br />Name accepted: No opinion;<br/>]', '2016:12:05'], 
 ['P1030297.JPG', -54.947830555555555, -67.64025277777779, 'images/plants/P1030297.JPG', '[Genus: Gaultheria<br />Family: Ericaceae<br />Name accepted: No opinion;<br/>]', '2016:12:05'], 
 ['P1030362.JPG', -51.56732216407424, -72.61823014581826, 'images/plants/P1030362.JPG', '[Species name: Escallonia rubra (Ruiz & Pav.) Pers.<br />Genus: Escallonia<br />Family: Escalloniaceae<br />Name accepted: No opinion;<br/>]', '2016:12:22'], 
 ['P1030364.JPG', -51.56725635275068, -72.61814438602082, 'images/plants/P1030364.JPG', ['no info yet'], '2016:12:22'], 
 ['P1030369.JPG', -51.566387484552294, -72.61765506711383, 'images/plants/P1030369.JPG', '[Genus: Calceolaria<br />Family: Calceolariaceae<br />Name accepted: Legitimate;<br/>]', '2016:12:22'], 
 ['P1030391.JPG', -51.437494310747, -72.75620302852514, 'images/plants/P1030391.JPG', ['no info yet'], '2016:12:23'], 
 ['P1030392.JPG', -51.43747224667449, -72.75624258474576, 'images/plants/P1030392.JPG', ['no info yet'], '2016:12:23'], 
 ['P1030394.JPG', -51.430904929577466, -72.77633710488506, 'images/plants/P1030394.JPG', '[Species name: Fuchsia magellanica Lam.<br />Genus: Fuchsia<br />Family: Onagraceae<br />Name accepted: No opinion;<br/>]', '2016:12:23'], 
 ['P1030411.JPG', -51.10661944444445, -72.98885277777778, 'images/plants/P1030411.JPG', '[Species name: Chloraea magellanica Hook. f.<br />Genus: Chloraea<br />Family: Orchidaceae<br />Name accepted: No opinion;<br/>]', '2016:12:23'], 
 ['P1030488.JPG', 49.33674722222222, 72.88067777777778, 'images/plants/P1030488.JPG', '[Species name: Senecio filaginoides DC.<br />Genus: Senecio<br />Family: Asteraceae<br />Name accepted: No opinion;<br/>]', '2017:01:03'], 
 ['P1030490.JPG', -49.33674722222222, -72.88067777777778, 'images/plants/P1030490.JPG', '[Genus: Oenothera<br />Family: Onagraceae<br />Name accepted: No opinion;<br/>]', '2017:01:03'], 
 ['P1030501.JPG', -54.729528, -67.952781, 'images/plants/P1030501.JPG', '[Species name: Senecio filaginoides DC.<br />Genus: Senecio<br />Family: Asteraceae<br />Name accepted: No opinion;<br/>]', '2017:01:04'], 
 ['P1030503.JPG', -54.729328, -67.952581, 'images/plants/P1030503.JPG', '[Species name: Senecio filaginoides DC.<br />Genus: Senecio<br />Family: Asteraceae<br />Name accepted: No opinion;<br/>]', '2017:01:04'], 
 ['P1030507.JPG', -54.729128, -67.95238099999999, 'images/plants/P1030507.JPG', ['no info yet'], '2017:01:04'], 
 ['P1030508.JPG', -54.729728, -67.95298100000001, 'images/plants/P1030508.JPG', ['no info yet'], '2017:01:04'], 
 ['P1030513.JPG', -49.31214444444444, -72.95198888888889, 'images/plants/P1030513.JPG', ['no info yet'], '2017:01:04'], 
 ['P1030585.JPG', -48.87529722222222, -72.73844722222222, 'images/plants/P1030585.JPG', '[Species name: Digitalis purpurea L.<br />Genus: Digitalis<br />Family: Plantaginaceae<br />Name accepted: No opinion;<br/>]', '2017:01:07'], 
 ['P1030589.JPG', 48.87529722222222, 72.73844722222222, 'images/plants/P1030589.JPG', ['no info yet'], '2017:01:07'], 
 ['P1030604.JPG', -48.117337827791296, -72.88156825637142, 'images/plants/P1030604.JPG', ['no info yet'], '2017:01:10'], 
 ['P1030605.JPG', -48.11733469535423, -72.88157735961768, 'images/plants/P1030605.JPG', '[Species name: Philesia magellanica J.F. Gmel.<br />Genus: Philesia<br />Family: Philesiaceae<br />Name accepted: No opinion;<br/>]', '2017:01:10'], 
 ['P1030608.JPG', -48.07041453876237, -72.9469416106498, 'images/plants/P1030608.JPG', '[Species name: Mitraria coccinea Cav.<br />Genus: Mitraria<br />Family: Gesneriaceae<br />Name accepted: No opinion;<br/>determination uncertain<br/>]', '2017:01:10'], 
 ['P1030609.JPG', -48.07031495703054, -72.94697460462288, 'images/plants/P1030609.JPG', '[Species name: Mitraria coccinea Cav.<br />Genus: Mitraria<br />Family: Gesneriaceae<br />Name accepted: No opinion;<br/>determination uncertain<br/>]', '2017:01:10'], 
 ['P1030624.JPG', -54.717392000000004, -68.028722, 'images/plants/P1030624.JPG', '[Species name: Prunella vulgaris L.<br />Genus: Prunella<br />Family: Lamiaceae<br />Name accepted: No opinion;<br/>]', '2017:01:10'], 
 ['P1030636.JPG', -47.93399722222222, -73.32433888888889, 'images/plants/P1030636.JPG', '[Species name: Desfontainia fulgens D. Don<br />Genus: Desfontainia<br />Family: Columelliaceae<br />Name accepted: No opinion;<br/>]', '2017:01:10'], 
 ['P1030658.JPG', -47.72216928118493, -73.17244793918432, 'images/plants/P1030658.JPG', ['no info yet'], '2017:01:12'], 
 ['P1030659.JPG', -47.72215771416318, -73.17243390186013, 'images/plants/P1030659.JPG', ['no info yet'], '2017:01:12'], 
 ['P1030660.JPG', -47.72214478632479, -73.17241821305842, 'images/plants/P1030660.JPG', ['no info yet'], '2017:01:12'], 
 ['P1030665.JPG', -47.682625, -73.025421, 'images/plants/P1030665.JPG', ['no info yet'], '2017:01:12'], 
 ['P1030668.JPG', -47.682425, -73.02522099999999, 'images/plants/P1030668.JPG', '[Species name: Gunnera chilensis Lam.<br />Genus: Gunnera<br />Family: Gunneraceae<br />Name accepted: Legitimate;<br/>]', '2017:01:12'], 
 ['P1030669.JPG', -47.682825, -73.025621, 'images/plants/P1030669.JPG', '[Species name: Gunnera chilensis Lam.<br />Genus: Gunnera<br />Family: Gunneraceae<br />Name accepted: Legitimate;<br/>]', '2017:01:12'], 
 ['P1030673.JPG', -47.50113852304299, -72.8261449603393, 'images/plants/P1030673.JPG', ['no info yet'], '2017:01:12'], 
 ['P1030677.JPG', -47.501110911443355, -72.82606409783678, 'images/plants/P1030677.JPG', ['no info yet'], '2017:01:12'], 
 ['P1030690.JPG', -47.45184917124604, -72.78281223893066, 'images/plants/P1030690.JPG', '[Genus: Mutisia<br />Family: Asteraceae<br />Name accepted: No opinion;<br/>determination uncertain<br/>]', '2017:01:12'], 
 ['P1030692.JPG', -47.451425385355535, -72.78267552657974, 'images/plants/P1030692.JPG', '[Genus: Mutisia<br />Family: Asteraceae<br />Name accepted: No opinion;<br/>determination uncertain<br/>]', '2017:01:12'], 
 ['P1030699.JPG', -47.44621605514096, -72.7830630126771, 'images/plants/P1030699.JPG', '[Species name: Quinchamalium dombeyi Brongn.<br />Genus: Quinchamalium<br />Family: Schoepfiaceae<br />Name accepted: No opinion;<br/>]', '2017:01:12'], 
 ['P1030734.JPG', -47.15265, -72.51199444444444, 'images/plants/P1030734.JPG', '[Species name: Perezia pedicularidifolia Less.<br />Genus: Perezia<br />Family: Asteraceae<br />Name accepted: No opinion;<br/>]', '2017:01:15'], 
 ['P1030742.JPG', -47.151675, -72.50856944444445, 'images/plants/P1030742.JPG', '[Genus: Calceolaria<br />Family: Calceolariaceae<br />Name accepted: Legitimate;<br/>]', '2017:01:15'], 
 ['P1030746.JPG', -47.151313888888886, -72.49699722222222, 'images/plants/P1030746.JPG', ['no info yet'], '2017:01:15'], 
 ['P1030754.JPG', -47.13981666666667, -72.45831944444444, 'images/plants/P1030754.JPG', '[Species name: Collomia biflora (Ruiz & Pav.) Brand<br />Genus: Collomia<br />Family: Polemoniaceae<br />Name accepted: No opinion;<br/>determination uncertain<br/>]', '2017:01:15'], 
 ['P1030759.JPG', -47.14001666666667, -72.45851944444445, 'images/plants/P1030759.JPG', ['no info yet'], '2017:01:15'], 
 ['P1030791.JPG', -46.69136429384549, -72.66662623066105, 'images/plants/P1030791.JPG', '[Genus: Rosa<br />Family: Rosaceae<br />Name accepted: No opinion;<br/>determination uncertain<br/>]', '2017:01:17'], 
 ['P1030794.JPG', -46.69135154491508, -72.66660384331117, 'images/plants/P1030794.JPG', ['no info yet'], '2017:01:17'], 
 ['P1030795.JPG', -46.6913460018596, -72.66659410977243, 'images/plants/P1030795.JPG', '[Genus: Lupinus<br />Family: Fabaceae<br />Name accepted: No opinion;<br/>]', '2017:01:17'], 
 ['P1030800.JPG', -46.69132161253022, -72.66655128182155, 'images/plants/P1030800.JPG', '[Genus: Trifolium<br />Family: Fabaceae<br />Name accepted: Legitimate;<br/>]', '2017:01:17'], 
 ['P1030807.JPG', -46.69125454197743, -72.66643350493351, 'images/plants/P1030807.JPG', ['no info yet'], '2017:01:17'], 
 ['P1030808.JPG', -46.691240130051085, -72.66640819745822, 'images/plants/P1030808.JPG', '[Genus: Lupinus<br />Family: Fabaceae<br />Name accepted: No opinion;<br/>]', '2017:01:17'], 
 ['P1030810.JPG', -46.691236249873846, -72.66640138408304, 'images/plants/P1030810.JPG', '[Genus: Lupinus<br />Family: Fabaceae<br />Name accepted: No opinion;<br/>]', '2017:01:17'], 
 ['P1030927.JPG', -46.293080555555555, -72.80423611111111, 'images/plants/P1030927.JPG', '[Genus: Lupinus<br />Family: Fabaceae<br />Name accepted: No opinion;<br/>]', '2017:01:18'], 
 ['P1030931.JPG', -54.712731000000005, -68.06099499999999, 'images/plants/P1030931.JPG', '[Species name: Quinchamalium chilense Molina<br />Genus: Quinchamalium<br />Family: Schoepfiaceae<br />Name accepted: Legitimate;<br/>]', '2017:01:20'], 
 ['P1030962.JPG', -45.346408687305015, -72.45960840248964, 'images/plants/P1030962.JPG', ['0'], '2017:01:24'], 
 ['P1030967.JPG', -45.344664907983166, -72.4567605083089, 'images/plants/P1030967.JPG', '[Genus: Chrysanthemum<br />Family: Asteraceae<br />Name accepted: nom. cons.;<br/>]', '2017:01:24'], 
 ['P1030972.JPG', -45.225246, -72.21909000000001, 'images/plants/P1030972.JPG', ['no info yet'], '2017:01:24'], 
 ['P1030976.JPG', -45.013233358775096, -72.1406962971062, 'images/plants/P1030976.JPG', '[Species name: Senecio otites Kunze ex DC.<br />Genus: Senecio<br />Family: Asteraceae<br />Name accepted: No opinion;<br/>]', '2017:01:25'], 
 ['P1030977.JPG', -45.012964076858815, -72.1408765851129, 'images/plants/P1030977.JPG', '[Species name: Senecio otites Kunze ex DC.<br />Genus: Senecio<br />Family: Asteraceae<br />Name accepted: No opinion;<br/>]', '2017:01:25'], 
 ['P1030984.JPG', -44.6864994237519, -72.24793315305058, 'images/plants/P1030984.JPG', ['Lophosoria quadripinnata'], '2017:01:25'], 
 ['P1030991.JPG', -44.64298285686217, -72.44195449352628, 'images/plants/P1030991.JPG', '[Genus: Ribes<br />Family: Grossulariaceae<br />Name accepted: No opinion;<br/>]', '2017:01:26'], 
 ['P1030999.JPG', -54.715160000000004, -68.071525, 'images/plants/P1030999.JPG', '[Genus: Calceolaria<br />Family: Calceolariaceae<br />Name accepted: Legitimate;<br/>]', '2017:01:26'], 
 ['P1040036.JPG', -43.16559424447922, -72.42853464115868, 'images/plants/P1040036.JPG', ['no info yet'], '2017:02:02'], 
 ['P1040039.JPG', -43.1654992726517, -72.42850750645086, 'images/plants/P1040039.JPG', ['no info yet'], '2017:02:02'], 
 ['P1040046.JPG', -42.90403233292079, -72.71740445463595, 'images/plants/P1040046.JPG', ['no info yet'], '2017:02:04'], 
 ['P1040052.JPG', -42.903098072698064, -72.71876701548409, 'images/plants/P1040052.JPG', ['Crocosmia × crocosmiiflora'], '2017:02:04'], 
 ['P1040055.JPG', -42.90277803068622, -72.7192405543233, 'images/plants/P1040055.JPG', ['Crocosmia × crocosmiiflora'], '2017:02:04'], 
 ['P1040205.JPG', -39.37323055555556, -71.94250833333334, 'images/plants/P1040205.JPG', '[Genus: Senecio<br />Family: Asteraceae<br />Name accepted: Legitimate;<br/>]', '2017:02:17'], 
 ['P1040250.JPG', -29.304650788363315, -71.03164169770834, 'images/plants/P1040250.JPG', '[Species name: Encelia canescens Lam.<br />Genus: Encelia<br />Family: Asteraceae<br />Name accepted: Legitimate;<br/>]', '2017:03:01'], 
 ['P1040254.JPG', -29.254277498954412, -71.02613730311454, 'images/plants/P1040254.JPG', ['no info yet'], '2017:03:01'], 
 ['P1040257.JPG', -29.25423527264836, -71.02610819340241, 'images/plants/P1040257.JPG', ['no info yet'], '2017:03:01'], 
 ['P1040262.JPG', -29.254161647229697, -71.02605743793244, 'images/plants/P1040262.JPG', ['no info yet'], '2017:03:01'], 
 ['P1040266.JPG', -29.251397798410355, -71.02420817120623, 'images/plants/P1040266.JPG', ['no info yet'], '2017:03:01'], 
 ['P1040269.JPG', -29.188120473281934, -71.0199072709408, 'images/plants/P1040269.JPG', ['no info yet'], '2017:03:01'], 
 ['P1040272.JPG', -29.18737327515189, -71.01911158747171, 'images/plants/P1040272.JPG', ['no info yet'], '2017:03:01'], 
 ['P1040273.JPG', -29.168985633727175, -71.00300597350366, 'images/plants/P1040273.JPG', '[Genus: Adesmia<br />Family: Fabaceae<br />Name accepted: Legitimate;<br/>]', '2017:03:01'], 
 ['P1040274.JPG', -29.168983952398126, -71.003006738398, 'images/plants/P1040274.JPG', ['no info yet'], '2017:03:01'], 
 ['P1040275.JPG', -29.16898311174991, -71.00300712083074, 'images/plants/P1040275.JPG', ['no info yet'], '2017:03:01'], 
 ['P1040279.JPG', -29.168957892082705, -71.00301859417047, 'images/plants/P1040279.JPG', ['no info yet'], '2017:03:01'], 
 ['P1040281.JPG', -29.16860732771856, -71.00300659477489, 'images/plants/P1040281.JPG', ['no info yet'], '2017:03:01'], 
 ['P1040282.JPG', -29.168006154694105, -71.00298526713064, 'images/plants/P1040282.JPG', ['no info yet'], '2017:03:01'], 
 ['P1040285.JPG', -29.156250924077767, -70.97890526168486, 'images/plants/P1040285.JPG', '[Genus: Cristaria<br />Family: Combretaceae<br />Name accepted: nom. rej.;<br/>]', '2017:03:01'], 
 ['P1040288.JPG', -29.104615460782234, -70.92085046953184, 'images/plants/P1040288.JPG', '[Species name: Cistanthe grandiflora (Lindl.) Schltdl.<br />Genus: Cistanthe<br />Family: Montiaceae<br />Name accepted: No opinion;<br/>]', '2017:03:01'], 
 ['P1040291.JPG', -29.102627549128663, -70.92041679991473, 'images/plants/P1040291.JPG', '[Species name: Cistanthe grandiflora (Lindl.) Schltdl.<br />Genus: Cistanthe<br />Family: Montiaceae<br />Name accepted: No opinion;<br/>]', '2017:03:01'], 
 ['P1040298.JPG', -28.847346651445964, -70.81608059118795, 'images/plants/P1040298.JPG', ['no info yet'], '2017:03:01'], 
 ['P1040303.JPG', -28.846464876730835, -70.81624193359146, 'images/plants/P1040303.JPG', ['no info yet'], '2017:03:01'], 
 ['P1040304.JPG', -28.846157921474706, -70.81633125513508, 'images/plants/P1040304.JPG', '[Genus: Senecio<br />Family: Asteraceae<br />Name accepted: Legitimate;<br/>]', '2017:03:01'], 
 ['P1040309.JPG', -28.845435378086417, -70.81656758811951, 'images/plants/P1040309.JPG', ['no info yet'], '2017:03:01'], 
 ['P1040317.JPG', -28.667521762155364, -70.7680336373834, 'images/plants/P1040317.JPG', ['no info yet'], '2017:03:02'], 
 ['P1040321.JPG', -28.483244420359664, -70.73154718674347, 'images/plants/P1040321.JPG', '[Genus: Fagonia<br />Family: Zygophyllaceae<br />Name accepted: No opinion;<br/>]', '2017:03:02'], 
 ['P1040325.JPG', -28.360030303489065, -70.71431244064577, 'images/plants/P1040325.JPG', ['no info yet'], '2017:03:02'], 
 ['P1040330.JPG', -28.279991666666664, -70.69674166666667, 'images/plants/P1040330.JPG', ['no info yet'], '2017:03:02'], 
 ['P1040336.JPG', -28.27118611111111, -70.69610277777778, 'images/plants/P1040336.JPG', ['no info yet'], '2017:03:02'], 
 ['P1040338.JPG', -28.271294444444443, -70.69628611111112, 'images/plants/P1040338.JPG', ['no info yet'], '2017:03:02'], 
 ['P1040354.JPG', -27.915226592902364, -70.53813427523137, 'images/plants/P1040354.JPG', ['no info yet'], '2017:03:03'], 
 ['P1040360.JPG', -27.770250811448804, -70.4886485675073, 'images/plants/P1040360.JPG', '[Species name: Argylia radiata (L.) D. Don<br />Genus: Argylia<br />Family: Bignoniaceae<br />Name accepted: No opinion;<br/>]', '2017:03:03'], 
 ['P1040362.JPG', -27.769898881823863, -70.48849582027168, 'images/plants/P1040362.JPG', '[Species name: Argylia radiata (L.) D. Don<br />Genus: Argylia<br />Family: Bignoniaceae<br />Name accepted: No opinion;<br/>]', '2017:03:03'], 
 ['P1040366.JPG', -27.641633202284, -70.46305109489052, 'images/plants/P1040366.JPG', ['no info yet'], '2017:03:03'], 
 ['P1040368.JPG', -27.640934258006315, -70.46287043045642, 'images/plants/P1040368.JPG', ['no info yet'], '2017:03:03'], 
 ['P1040370.JPG', -27.50421793667567, -70.41268185066096, 'images/plants/P1040370.JPG', ['no info yet'], '2017:03:03'], 
 ['P1040375.JPG', -27.29643730256833, -70.4607994807892, 'images/plants/P1040375.JPG', ['no info yet'], '2017:03:05'], 
 ['P1040378.JPG', -27.29498408297392, -70.4640142282941, 'images/plants/P1040378.JPG', ['no info yet'], '2017:03:05'], 
 ['P1040379.JPG', -27.38144671351193, -70.65695733495097, 'images/plants/P1040379.JPG', ['no info yet'], '2017:03:05'], 
 ['P1040382.JPG', -27.382073842592593, -70.65802346170872, 'images/plants/P1040382.JPG', ['no info yet'], '2017:03:05'], 
 ['P1040387.JPG', -27.440795897922598, -70.72300272665304, 'images/plants/P1040387.JPG', ['no info yet'], '2017:03:05'], 
 ['P1040391.JPG', -27.443554531265242, -70.72458966193042, 'images/plants/P1040391.JPG', ['no info yet'], '2017:03:05'], 
 ['P1040409.JPG', -27.642130999921697, -70.909056, 'images/plants/P1040409.JPG', ['no info yet'], '2017:03:06'], 
 ['P1040413.JPG', -27.42706085724705, -70.82057184347894, 'images/plants/P1040413.JPG', ['no info yet'], '2017:03:06'], 
 ['P1040423.JPG', -27.292871856361067, -70.93244195853865, 'images/plants/P1040423.JPG', '[Species name: Distichlis spicata (L.) Greene<br />Genus: Distichlis<br />Family: Poaceae<br />Name accepted: No opinion;<br/>]', '2017:03:06'], 
 ['P1040424.JPG', -27.29285119487559, -70.93246440555713, 'images/plants/P1040424.JPG', ['no info yet'], '2017:03:06'], 
 ['P1040426.JPG', -27.292818136522175, -70.93250032075956, 'images/plants/P1040426.JPG', ['no info yet'], '2017:03:06'], 
 ['P1040428.JPG', -27.292773507731034, -70.93254880633646, 'images/plants/P1040428.JPG', '[Species name: Tetragonia maritima Barnéoud<br />Genus: Tetragonia<br />Family: Aizoaceae<br />Name accepted: No opinion;<br/>]', '2017:03:06'], 
 ['P1040436.JPG', -26.920994395113045, -70.79060692181382, 'images/plants/P1040436.JPG', ['no info yet'], '2017:03:07'], 
 ['P1040441.JPG', -26.81155748325117, -70.78417826276981, 'images/plants/P1040441.JPG', '[Species name: Nolana paradoxa Lindl.<br />Genus: Nolana<br />Family: Solanaceae<br />Name accepted: No opinion;<br/>]', '2017:03:07'], 
 ['P1040443.JPG', -26.81153155379799, -70.78415715435554, 'images/plants/P1040443.JPG', '[Species name: Nolana paradoxa Lindl.<br />Genus: Nolana<br />Family: Solanaceae<br />Name accepted: No opinion;<br/>]', '2017:03:07'], 
 ['P1040457.JPG', -26.39864534428795, -70.69156600649625, 'images/plants/P1040457.JPG', ['no info yet'], '2017:03:08'], 
 ['P1040460.JPG', -26.398626594822247, -70.69156758977334, 'images/plants/P1040460.JPG', ['no info yet'], '2017:03:08'], 
 ['P1040462.JPG', -26.398592845935077, -70.69157043967748, 'images/plants/P1040462.JPG', ['no info yet'], '2017:03:08'], 
 ['P1040463.JPG', -26.398581596339604, -70.69157138963227, 'images/plants/P1040463.JPG', ['no info yet'], '2017:03:08'], 
 ['P1040470.JPG', -26.25611111111111, -70.64414166666667, 'images/plants/P1040470.JPG', ['no info yet'], '2017:03:08'], 
 ['P1040476.JPG', -26.255866666666666, -70.643825, 'images/plants/P1040476.JPG', ['no info yet'], '2017:03:08'], 
 ['P1040477.JPG', -26.256066666666666, -70.64402500000001, 'images/plants/P1040477.JPG', ['no info yet'], '2017:03:08'], 
 ['P1040482.JPG', -26.256019444444444, -70.64410277777779, 'images/plants/P1040482.JPG', ['no info yet'], '2017:03:08'], 
 ['P1040487.JPG', -54.769477, -68.199709, 'images/plants/P1040487.JPG', ['no info yet'], '2017:03:09'], 
 ['P1040493.JPG', -26.146297222222223, -70.66603333333335, 'images/plants/P1040493.JPG', ['no info yet'], '2017:03:09'], 
 ['P1040494.JPG', -26.146097222222224, -70.66583333333334, 'images/plants/P1040494.JPG', ['no info yet'], '2017:03:09'], 
 ['P1040497.JPG', -26.146213888888887, -70.66641944444444, 'images/plants/P1040497.JPG', '[Species name: Tetragonia maritima Barnéoud<br />Genus: Tetragonia<br />Family: Aizoaceae<br />Name accepted: No opinion;<br/>]', '2017:03:09'], 
 ['P1040507.JPG', -26.157705555555555, -70.64722777777779, 'images/plants/P1040507.JPG', ['no info yet'], '2017:03:09'], 
 ['P1040510.JPG', -26.1576, -70.64731944444445, 'images/plants/P1040510.JPG', ['no info yet'], '2017:03:09'], 
 ['P1040512.JPG', -26.158199999999997, -70.64829444444445, 'images/plants/P1040512.JPG', ['no info yet'], '2017:03:09'], 
 ['P1040517.JPG', -26.159599999999998, -70.64533611111112, 'images/plants/P1040517.JPG', '[Genus: Senecio<br />Family: Asteraceae<br />Name accepted: Legitimate;<br/>]', '2017:03:09'], 
 ['P1040521.JPG', -26.161366666666666, -70.64309444444444, 'images/plants/P1040521.JPG', ['no info yet'], '2017:03:09'], 
 ['P1040524.JPG', -26.161566666666666, -70.64329444444445, 'images/plants/P1040524.JPG', ['no info yet'], '2017:03:09'], 
 ['P1040525.JPG', -26.16421944444444, -70.63406944444445, 'images/plants/P1040525.JPG', ['no info yet'], '2017:03:09'], 
 ['P1040530.JPG', -26.165025, -70.631875, 'images/plants/P1040530.JPG', ['no info yet'], '2017:03:09'], 
 ['P1040536.JPG', -26.16508333333333, -70.63000555555554, 'images/plants/P1040536.JPG', ['no info yet'], '2017:03:09'], 
 ['P1040537.JPG', -26.164883333333332, -70.62980555555554, 'images/plants/P1040537.JPG', ['no info yet'], '2017:03:09'], 
 ['P1040549.JPG', -26.162552777777776, -70.64191111111111, 'images/plants/P1040549.JPG', '[Species name: Dinemandra ericoides A. Juss.<br />Genus: Dinemandra<br />Family: Malpighiaceae<br />Name accepted: No opinion;<br/>]', '2017:03:09'], 
 ['P1040584.JPG', -26.033697222222223, -70.43904444444445, 'images/plants/P1040584.JPG', ['no info yet'], '2017:03:11'], 
 ['P1040589.JPG', -25.99352222222222, -70.43150833333334, 'images/plants/P1040589.JPG', '[Genus: Dinemagonum<br />Family: Malpighiaceae<br />Name accepted: No opinion;<br/>]', '2017:03:11'], 
 ['P1040598.JPG', -25.776325, -70.37074999999999, 'images/plants/P1040598.JPG', ['no info yet'], '2017:03:11'], 
 ['P1040609.JPG', -23.53479519970346, -70.22883883539662, 'images/plants/P1040609.JPG', ['no info yet'], '2017:03:17'], 
 ['P1040610.JPG', -23.534642004840755, -70.22886186282932, 'images/plants/P1040610.JPG', ['no info yet'], '2017:03:17'], 
 ['P1040611.JPG', -23.53438554564215, -70.22894859906873, 'images/plants/P1040611.JPG', ['no info yet'], '2017:03:17'], 
 ['P1040612.JPG', -23.53422234433267, -70.22900379484278, 'images/plants/P1040612.JPG', ['no info yet'], '2017:03:17'], 
 ['P1040616.JPG', -23.533116882230953, -70.22898669878509, 'images/plants/P1040616.JPG', ['no info yet'], '2017:03:17'], 
 ['P1040617.JPG', -23.532772690593973, -70.22888181925298, 'images/plants/P1040617.JPG', ['no info yet'], '2017:03:17'], 
 ['P1040625.JPG', -23.34016111111111, -69.85525833333332, 'images/plants/P1040625.JPG', ['no info yet'], '2017:03:17'], 
 ['P1040626.JPG', -23.340091666666666, -69.85517777777777, 'images/plants/P1040626.JPG', ['no info yet'], '2017:03:17'], 
 ['P1040628.JPG', -22.608305555555557, -69.08533888888888, 'images/plants/P1040628.JPG', ['no info yet'], '2017:03:19'], 
 ['P1040634.JPG', -22.608505555555556, -69.08553888888889, 'images/plants/P1040634.JPG', '[Genus: Adesmia<br />Family: Fabaceae<br />Name accepted: Legitimate;<br/>]', '2017:03:19'], 
 ['P1040636.JPG', -22.608105555555557, -69.08513888888888, 'images/plants/P1040636.JPG', ['no info yet'], '2017:03:19'], 
 ['P1040637.JPG', -22.607905555555558, -69.08493888888887, 'images/plants/P1040637.JPG', ['no info yet'], '2017:03:19'], 
 ['P1040638.JPG', -22.608452777777778, -69.08556388888888, 'images/plants/P1040638.JPG', ['no info yet'], '2017:03:19'], 
 ['P1040641.JPG', -22.607797222222224, -69.08475555555552, 'images/plants/P1040641.JPG', ['no info yet'], '2017:03:19'], 
 ['P1040643.JPG', -22.608597222222222, -69.08555555555554, 'images/plants/P1040643.JPG', ['no info yet'], '2017:03:19'], 
 ['P1040644.JPG', -22.608197222222223, -69.08515555555553, 'images/plants/P1040644.JPG', ['no info yet'], '2017:03:19'], 
 ['P1040654.JPG', -22.594041666666666, -68.70171944444445, 'images/plants/P1040654.JPG', ['no info yet'], '2017:03:21'], 
 ['P1040655.JPG', -22.593841666666666, -68.70151944444444, 'images/plants/P1040655.JPG', ['no info yet'], '2017:03:21'], 
 ['P1040658.JPG', -22.593780555555554, -68.70166388888889, 'images/plants/P1040658.JPG', ['no info yet'], '2017:03:21'], 
 ['P1040661.JPG', -22.594016666666665, -68.70166388888889, 'images/plants/P1040661.JPG', ['no info yet'], '2017:03:21'], 
 ['P1040666.JPG', -22.650488888888887, -68.55869444444444, 'images/plants/P1040666.JPG', ['no info yet'], '2017:03:21'], 
 ['P1040669.JPG', -22.650688888888887, -68.55889444444445, 'images/plants/P1040669.JPG', ['no info yet'], '2017:03:21'], 
 ['P1040674.JPG', -22.681797222222222, -68.49065555555556, 'images/plants/P1040674.JPG', '[Genus: Hoffmannseggia<br />Family: Fabaceae<br />Name accepted: Legitimate;<br/>]', '2017:03:21'], 
 ['P1040675.JPG', -22.68170277777778, -68.49036666666667, 'images/plants/P1040675.JPG', '[Genus: Hoffmannseggia<br />Family: Fabaceae<br />Name accepted: Legitimate;<br/>]', '2017:03:21'], 
 ['P1040684.JPG', -22.731931952003563, -68.3901902779973, 'images/plants/P1040684.JPG', ['no info yet'], '2017:03:22'], 
 ['P1040685.JPG', -22.73210251572327, -68.39025340433425, 'images/plants/P1040685.JPG', ['no info yet'], '2017:03:22'], 
 ['P1040686.JPG', -22.73255735250075, -68.39042174117095, 'images/plants/P1040686.JPG', ['no info yet'], '2017:03:22'], 
 ['P1040687.JPG', -22.73272791628193, -68.3904848675254, 'images/plants/P1040687.JPG', ['no info yet'], '2017:03:22'], 
 ['P1040691.JPG', -22.728616666666664, -68.38908611111111, 'images/plants/P1040691.JPG', ['no info yet'], '2017:03:22'], 
 ['P1040695.JPG', -22.764005555555556, -68.38853333333333, 'images/plants/P1040695.JPG', '[Genus: Adesmia<br />Family: Fabaceae<br />Name accepted: Legitimate;<br/>determination uncertain<br/>]', '2017:03:22'], 
 ['P1040701.JPG', -22.764205555555556, -68.38873333333333, 'images/plants/P1040701.JPG', ['no info yet'], '2017:03:22'], 
 ['P1040703.JPG', -22.771641666666667, -68.38512777777778, 'images/plants/P1040703.JPG', '[Genus: Adesmia<br />Family: Fabaceae<br />Name accepted: Legitimate;<br/>determination uncertain<br/>]', '2017:03:22'], 
 ['P1040707.JPG', -22.792625, -68.36649166666666, 'images/plants/P1040707.JPG', ['no info yet'], '2017:03:22'], 
 ['P1040710.JPG', -22.82147753925661, -68.3420128042328, 'images/plants/P1040710.JPG', '[Genus: Lathyrus<br />Family: Fabaceae<br />Name accepted: Legitimate;<br/>determination uncertain<br/>]', '2017:03:22'], 
 ['P1040714.JPG', -22.874755555555556, -68.30231111111111, 'images/plants/P1040714.JPG', ['no info yet'], '2017:03:22'], 
 ['P1040718.JPG', -22.874555555555556, -68.3021111111111, 'images/plants/P1040718.JPG', ['no info yet'], '2017:03:22'], 
 ['P1040721.JPG', -22.908377777777776, -68.25307222222222, 'images/plants/P1040721.JPG', ['no info yet'], '2017:03:22'], 
 ['P1040779.JPG', -23.24398888888889, -68.00792222222222, 'images/plants/P1040779.JPG', ['no info yet'], '2017:03:25'], 
 ['P1040786.JPG', -23.567616666666666, -67.93255, 'images/plants/P1040786.JPG', ['no info yet'], '2017:03:25'], 
 ['P1040789.JPG', -23.584169444444445, -67.89193611111111, 'images/plants/P1040789.JPG', ['no info yet'], '2017:03:25'], 
 ['P1040791.JPG', -23.584369444444444, -67.89213611111111, 'images/plants/P1040791.JPG', ['no info yet'], '2017:03:25'], 
 ['P1040793.JPG', -23.584569444444444, -67.89233611111112, 'images/plants/P1040793.JPG', ['no info yet'], '2017:03:25'], 
 ['P1040797.JPG', -23.613650000000003, -67.85103333333332, 'images/plants/P1040797.JPG', '[Genus: Lupinus<br />Family: Fabaceae<br />Name accepted: No opinion;<br/>]', '2017:03:26'], 
 ['P1040798.JPG', -23.613850000000003, -67.85123333333333, 'images/plants/P1040798.JPG', '[Genus: Lupinus<br />Family: Fabaceae<br />Name accepted: No opinion;<br/>]', '2017:03:26'], 
 ['P1040803.JPG', -23.613875, -67.85125277777777, 'images/plants/P1040803.JPG', '[Genus: Senecio<br />Family: Asteraceae<br />Name accepted: Legitimate;<br/>determination uncertain<br/>]', '2017:03:26'], 
 ['P1040807.JPG', -23.615558333333336, -67.84885833333333, 'images/plants/P1040807.JPG', ['no info yet'], '2017:03:26'], 
 ['P1040810.JPG', -23.7092, -67.817725, 'images/plants/P1040810.JPG', ['no info yet'], '2017:03:26'], 
 ['P1040831.JPG', -23.897069444444444, -67.71285, 'images/plants/P1040831.JPG', ['no info yet'], '2017:03:27'], 
 ['P1040859.JPG', -23.808541666666667, -67.35416944444444, 'images/plants/P1040859.JPG', ['no info yet'], '2017:03:28'], 
 ['P1040860.JPG', -23.808141666666668, -67.35376944444442, 'images/plants/P1040860.JPG', ['no info yet'], '2017:03:28'], 
 ['P1040861.JPG', -23.808341666666667, -67.35396944444443, 'images/plants/P1040861.JPG', ['no info yet'], '2017:03:28'], 
 ['P1040864.JPG', -23.808775, -67.35446944444443, 'images/plants/P1040864.JPG', ['no info yet'], '2017:03:28'], 
 ['P1040892.JPG', -24.216319444444444, -66.31305833333333, 'images/plants/P1040892.JPG', ['no info yet'], '2017:03:29'], 
 ['P1040933.JPG', -24.66596111111111, -65.38293611111109, 'images/plants/P1040933.JPG', ['no info yet'], '2017:04:03'], 
 ['P1040936.JPG', -24.66616111111111, -65.3831361111111, 'images/plants/P1040936.JPG', ['no info yet'], '2017:04:03'], 
 ['P1040938.JPG', -24.666202777777777, -65.38329166666666, 'images/plants/P1040938.JPG', ['no info yet'], '2017:04:03'], 
 ['P1040940.JPG', -24.665802777777778, -65.38289166666665, 'images/plants/P1040940.JPG', ['no info yet'], '2017:04:03'], 
 ['P1040941.JPG', -24.666002777777777, -65.38309166666666, 'images/plants/P1040941.JPG', ['no info yet'], '2017:04:03'], 
 ['P1040944.JPG', -24.65935, -65.37994444444443, 'images/plants/P1040944.JPG', ['no info yet'], '2017:04:03'], 
 ['P1040950.JPG', -24.65928611111111, -65.3800111111111, 'images/plants/P1040950.JPG', ['no info yet'], '2017:04:03'], 
 ['P1040952.JPG', -24.65908611111111, -65.3798111111111, 'images/plants/P1040952.JPG', ['no info yet'], '2017:04:03'], 
 ['P1040962.JPG', -24.58826388888889, -65.36496388888888, 'images/plants/P1040962.JPG', ['no info yet'], '2017:04:04'], 
 ['P1040964.JPG', -24.588483333333333, -65.365175, 'images/plants/P1040964.JPG', ['no info yet'], '2017:04:04'], 
 ['P1040966.JPG', -24.58846388888889, -65.36516388888889, 'images/plants/P1040966.JPG', ['no info yet'], '2017:04:04'], 
 ['P1040967.JPG', -24.58806388888889, -65.36476388888887, 'images/plants/P1040967.JPG', ['no info yet'], '2017:04:04'], 
 ['P1040968.JPG', -24.588477777777776, -65.36544444444444, 'images/plants/P1040968.JPG', ['no info yet'], '2017:04:04'], 
 ['P1040971.JPG', 24.58839722222222, 65.36511944444445, 'images/plants/P1040971.JPG', ['no info yet'], '2017:04:04'], 
 ['P1040972.JPG', -24.58839722222222, -65.36511944444445, 'images/plants/P1040972.JPG', ['no info yet'], '2017:04:04'], 
 ['P1040981.JPG', -24.503086111111113, -65.32711666666665, 'images/plants/P1040981.JPG', ['no info yet'], '2017:04:04'], 
 ['P1040982.JPG', -24.503286111111112, -65.32731666666666, 'images/plants/P1040982.JPG', ['no info yet'], '2017:04:04'], 
 ['P1040991.JPG', -24.012183333333333, -65.44491388888889, 'images/plants/P1040991.JPG', ['no info yet'], '2017:04:06'], 
 ['P1040993.JPG', -24.012383333333332, -65.4451138888889, 'images/plants/P1040993.JPG', ['no info yet'], '2017:04:06'], 
 ['P1050018.JPG', -23.694577777777777, -65.56353055555556, 'images/plants/P1050018.JPG', ['no info yet'], '2017:04:07'], 
 ['P1050020.JPG', -23.69461111111111, -65.5634861111111, 'images/plants/P1050020.JPG', ['no info yet'], '2017:04:07'], 
 ['P1050021.JPG', -23.694725000000002, -65.56343888888888, 'images/plants/P1050021.JPG', ['no info yet'], '2017:04:07'], 
 ['P1050024.JPG', -23.694377777777778, -65.56315, 'images/plants/P1050024.JPG', ['no info yet'], '2017:04:07'], 
 ['P1050025.JPG', -23.694577777777777, -65.56335, 'images/plants/P1050025.JPG', ['no info yet'], '2017:04:07'], 
 ['P1050027.JPG', -23.65361111111111, -65.61641944444443, 'images/plants/P1050027.JPG', ['no info yet'], '2017:04:07'], 
 ['P1050028.JPG', -23.65341111111111, -65.61621944444443, 'images/plants/P1050028.JPG', ['no info yet'], '2017:04:07'], 
 ['P1050034.JPG', -23.670594444444447, -65.59046111111111, 'images/plants/P1050034.JPG', ['no info yet'], '2017:04:07'], 
 ['P1050036.JPG', -23.670297222222224, -65.59022222222221, 'images/plants/P1050036.JPG', ['no info yet'], '2017:04:07'], 
 ['P1050039.JPG', -23.670497222222224, -65.59042222222222, 'images/plants/P1050039.JPG', ['no info yet'], '2017:04:07'], 
 ['P1050041.JPG', -23.670569444444446, -65.59047777777778, 'images/plants/P1050041.JPG', ['no info yet'], '2017:04:07'], 
 ['P1050058.JPG', 23.667616666666667, 65.58493611111112, 'images/plants/P1050058.JPG', ['no info yet'], '2017:04:07'], 
 ['P1050059.JPG', 23.667416666666668, 65.58473611111111, 'images/plants/P1050059.JPG', ['no info yet'], '2017:04:07'], 
 ['P1050060.JPG', -23.66721666666667, -65.5845361111111, 'images/plants/P1050060.JPG', ['no info yet'], '2017:04:07'], 
 ['P1050066.JPG', -23.671216666666666, -65.57347777777777, 'images/plants/P1050066.JPG', ['no info yet'], '2017:04:07'], 
 ['P1050069.JPG', 23.67266388888889, 65.57353333333333, 'images/plants/P1050069.JPG', ['no info yet'], '2017:04:07'], 
 ['P1050070.JPG', -23.67266388888889, -65.57353333333333, 'images/plants/P1050070.JPG', ['no info yet'], '2017:04:07'], 
 ['P1050098.JPG', -23.584219444444443, -65.39952222222223, 'images/plants/P1050098.JPG', ['no info yet'], '2017:04:08'], 
 ['P1050101.JPG', -23.58459722222222, -65.39943055555557, 'images/plants/P1050101.JPG', ['no info yet'], '2017:04:08'], 
 ['P1050103.JPG', -23.585058333333333, -65.39872777777778, 'images/plants/P1050103.JPG', ['no info yet'], '2017:04:08'], 
 ['P1050120.JPG', 23.58573611111111, 65.40048333333334, 'images/plants/P1050120.JPG', ['no info yet'], '2017:04:08'], 
 ['P1050121.JPG', -23.58573611111111, -65.40048333333334, 'images/plants/P1050121.JPG', ['no info yet'], '2017:04:08'], 
 ['P1050149.JPG', -23.20061388888889, -65.18941666666667, 'images/plants/P1050149.JPG', ['no info yet'], '2017:04:10'], 
 ['P1050150.JPG', -23.20041388888889, -65.18921666666667, 'images/plants/P1050150.JPG', ['no info yet'], '2017:04:10'], 
 ['P1050151.JPG', -23.20055, -65.18940833333333, 'images/plants/P1050151.JPG', ['no info yet'], '2017:04:10'], 
 ['P1050175.JPG', -23.19995, -65.18776944444444, 'images/plants/P1050175.JPG', ['no info yet'], '2017:04:10'], 
 ['P1050176.JPG', -23.200025, -65.18773611111112, 'images/plants/P1050176.JPG', ['no info yet'], '2017:04:10'], 
 ['P1050184.JPG', -23.184652777777778, -65.20914166666667, 'images/plants/P1050184.JPG', ['no info yet'], '2017:04:10'], 
 ['P1050186.JPG', -23.184852777777778, -65.20934166666667, 'images/plants/P1050186.JPG', ['no info yet'], '2017:04:10'], 
 ['P1050197.JPG', -23.594069444444443, -65.37441666666666, 'images/plants/P1050197.JPG', ['no info yet'], '2017:04:11'], 
 ['P1050205.JPG', -23.595477777777777, -65.37074444444444, 'images/plants/P1050205.JPG', ['no info yet'], '2017:04:11'], 
 ['P1050210.JPG', -23.596002777777777, -65.3715611111111, 'images/plants/P1050210.JPG', ['no info yet'], '2017:04:11'], 
 ['P1050212.JPG', -23.595802777777777, -65.3713611111111, 'images/plants/P1050212.JPG', ['no info yet'], '2017:04:11'], 
 ['P1050218.JPG', -23.594524999999997, -65.37442222222222, 'images/plants/P1050218.JPG', ['no info yet'], '2017:04:11'], 
 ['P1050755.JPG', -21.35973888888889, -68.0275, 'images/plants/P1050755.JPG', ['no info yet'], '2017:06:05'], 
 ['P1050757.JPG', -21.360083333333336, -68.02756388888889, 'images/plants/P1050757.JPG', ['no info yet'], '2017:06:05'], 
 ['P1050760.JPG', -21.360341666666667, -68.02754444444444, 'images/plants/P1050760.JPG', ['no info yet'], '2017:06:05'], 
 ['P1050919.JPG', -21.43633888888889, -67.85773888888889, 'images/plants/P1050919.JPG', ['no info yet'], '2017:06:05'], 
